﻿<?xml version="1.0" encoding="UTF-8"?>
<addon id="script.module.hls.cache"
		name="[COLOR blue]HLS-CACHE[/COLOR]"
		version="1.1.0"
		provider-name="Loki1979">
	<requires>
        <import addon="xbmc.python" version="2.7.13"/>
	</requires>
	<extension point="xbmc.python.pluginsource" library="addon.py">
		<provides>executable</provides>
	</extension>
	<extension point="xbmc.python.module" library="resources/lib"/>
	<extension point="xbmc.webinterface"/>
	<extension point="xbmc.addon.metadata">
	<summary>Created by loki1979</summary>
	<description>
1.) import addon="script.module.hls.cache"
2.) import hls
3.) hls.cache_loader(m3u8_url,m3u8_headers={},segment_headers={})
	</description>
	<disclaimer></disclaimer>
	<language></language>
	<platform>all</platform>
	<license></license>
	<forum></forum>
	<website></website>
	<email></email>
	<source></source>
	<news></news>
	<assets>
		<icon>resources/icon.png</icon>
		<fanart>resources/fanart.jpg</fanart>
		<banner></banner>
		<clearlogo></clearlogo>
		<screenshot></screenshot>
	</assets>
	</extension>
</addon>
