<?xml version="1.0" encoding="UTF-8" standalone="yes"?>
<addon id="script.module.ctrl" name="Ctrl_Module" version="1.0.4" provider-name="Ctrl_Esc">
  <requires>
    <import addon="xbmc.python" version="2.26.0" />
    <import addon="script.module.pycryptodome" />
    <import addon="script.module.dateutil" />
    <import addon="script.module.pyamf" />
    <import addon="script.module.kodi-six" />
    <import addon="script.module.future" />
    <import addon="script.module.requests" />
    <import addon="script.module.routing" />
  </requires>
  <extension point="xbmc.python.pluginsource" library="addon.py">
    <provides></provides>
  </extension>
  <extension point="xbmc.addon.metadata">
    <reuselanguageinvoker>true</reuselanguageinvoker>
  <summary lang="de"></summary>
  <description lang="de_DE">Cloned Module. Credits: Racc, TOXYNTH</description>
  <disclaimer lang="de_DE">Die von diesem Addon dargestellten Inhalte werden weder von dem Ersteller dieses Addons gehostet, noch steht der Ersteller dieses Addons in irgendeiner Beziehung zu den Content-Anbietern.</disclaimer>
    <language></language>
    <platform>all</platform>
    <license></license>
    <forum></forum>
    <website></website>
    <email></email>
    <source></source>
    <icon>icon.png</icon>
    <fanart>fanart.jpg</fanart>
  </extension>
</addon>
