<?xml version="1.0" encoding="UTF-8" standalone="yes"?>
<addon id="script.infinity.artwork" version="1.0.1" name="Infinity Artwork" provider-name="Infinity Team">
	<requires>
		<import addon="xbmc.python" version="2.19.0"/>
	</requires>
	<extension point="xbmc.python.module" library="lib" />
	<extension point="xbmc.addon.metadata">
		<summary>Icons für das Infinity Addon</summary>
		<description>Themen für Infinity werden seperat aktualisiert und gepflegt um die Verteilung des Addons einfacher zu machen</description>
		<platform>all</platform>
	</extension>
</addon>