<?xml version="1.0" encoding="UTF-8" standalone="yes"?>
<addon id="script.module.kodiswift" name="kodiswift" provider-name="Aaron Frase (Sinap); TJ Jiang" version="0.0.11">
  <requires>
    <import addon="xbmc.python" version="2.24.0"/>
    <import addon="script.module.six" version="1.13.0"/>
  </requires>
  <extension library="lib" point="xbmc.python.module"/>
  <extension point="xbmc.addon.metadata">
    <summary lang="en">A fork of the xbmcswift2 project</summary>
    <description lang="en">A micro framework to enable rapid development of Kodi plugins. TJ Jiang is responsible for modifications in 0.0.9, 0.0.10 and 0.0.11.</description>
    <platform>all</platform>
    <license>GNU General Public License v3 (GPL-3)</license>
    <source>https://github.com/afrase/kodiswift</source>
    <email>[afrase91, tingjhenjiang] at gmail.com</email>
  </extension>
</addon>