{
  "1. TV": [
    {
	  "name": "[COLOR lime]          ----------     Oeffentlich Rechtliche & Private Sender     ----------[/COLOR]",
      "thumb": "https://bit.ly/2oSsDWl",
      "video": "ext",
      "genre": "TV"
    },
    {
	  "name": "RTL",
      "thumb": "https://bit.ly/2y2vEUP",
      "video": "plugin://script.module.limitless-swiftstreamz/play/26/1289/play.pvr",
      "genre": "TV"
    },
    {
	  "name": "RTL 2",
      "thumb": "https://bit.ly/2Qdj3VV",
      "video": "plugin://script.module.limitless-swiftstreamz/play/26/1290/play.pvr",
      "genre": "TV"
	},
	{
	  "name": "SUPER RTL",
      "thumb": "https://bit.ly/2DyQXD7",
      "video": "plugin://script.module.limitless-swiftstreamz/play/26/1291/play.pvr",
      "genre": "TV"
	},
	{
	  "name": "RTL NITRO",
      "thumb": "https://bit.ly/2QWAUkj",
      "video": "plugin://script.module.limitless-swiftstreamz/play/26/1292/play.pvr",
      "genre": "TV"
	},
	{
	  "name": "RTL PASSION",
      "thumb": "https://bit.ly/2x7fNnW",
      "video": "plugin://script.module.limitless-swiftstreamz/play/26/1293/play.pvr",
      "genre": "TV"
	},
	{
	  "name": "RTL CRIME",
      "thumb": "https://bit.ly/2zzZthr",
      "video": "plugin://script.module.limitless-swiftstreamz/play/26/1294/play.pvr",
      "genre": "TV"
	},
	{
	  "name": "KIKA TV",
      "thumb": "https://bit.ly/2RVQdLu",
      "video": "plugin://script.module.limitless-swiftstreamz/play/26/1302/play.pvr",
      "genre": "TV"
	},
	{
	  "name": "PRO 7",
      "thumb": "https://bit.ly/2N8poQC",
      "video": "plugin://script.module.limitless-swiftstreamz/play/26/1303/play.pvr",
      "genre": "TV"
	},
	{
	  "name": "VOX",
      "thumb": "https://encrypted-tbn0.gstatic.com/images?q=tbn:ANd9GcQUaFfXZUyQFSEMVahenwbqOJ0_mLVV6zjeXjVZXhJCc27biyx5Yi0gPT9Y-g&s",
      "video": "plugin://script.module.limitless-swiftstreamz/play/26/1304/play.pvr",
      "genre": "TV"
	},
	{
	  "name": "ZDF TV",
      "thumb": "https://bit.ly/2DLcWXV",
      "video": "plugin://script.module.limitless-swiftstreamz/play/26/1305/play.pvr",
      "genre": "TV"
	},
	{
	  "name": "SAT 1",
      "thumb": "https://bit.ly/2xT59RA",
      "video": "plugin://script.module.limitless-swiftstreamz/play/26/1306/play.pvr",
      "genre": "TV"
	},
	{
	  "name": "ARD 1",
      "thumb": "https://bit.ly/2zwvZRq",
      "video": "plugin://script.module.limitless-swiftstreamz/play/26/1307/play.pvr",
      "genre": "TV"
	},
    {
	  "name": "DISNEY CHANNEL DE",
      "thumb": "https://bit.ly/2HDTEoT",
      "video": "plugin://script.module.limitless-swiftstreamz/play/26/1328/play.pvr",
      "genre": "TV"
	},
    {
	  "name": "DISNEY XD DE",
      "thumb": "https://bit.ly/2FuORA3",
      "video": "plugin://script.module.limitless-swiftstreamz/play/26/1329/play.pvr",
      "genre": "TV"
	},
	{
	  "name": "ARTE",
      "thumb": "https://wp6-images-de-dynamic.horizon.tv/ChannelLogos/02/arte.png",
      "video": "https://artelive-lh.akamaihd.net/i/artelive_de@393591/index_1_av-p.m3u8",
      "genre": "TV"
	},
	{
	  "name": "SERVUS TV",
      "thumb": "https://wp20-images-de-dynamic.horizon.tv/ChannelLogos/02/servus_tv.png",
      "video": "https://rbmn-live.akamaized.net/hls/live/2002830/geoSTVDEweb/master_6692.m3u8",
      "genre": "TV"
	},
	{
	  "name": "WDR",
      "thumb": "https://wp14-images-de-dynamic.horizon.tv/ChannelLogos/02/wdr_koln.png",
      "video": "http://wdrfsgeo-lh.akamaihd.net/i/wdrfs_geogeblockt@530016/index_3776_av-p.m3u8",
      "genre": "TV"
	},
	{
	  "name": "HR",
      "thumb": "https://wp7-images-de-dynamic.horizon.tv/ChannelLogos/02/hr_fernsehen_1.png",
      "video": "http://hrlive1-lh.akamaihd.net/i/hr_fernsehen@75910/index_3584_av-b.m3u8",
      "genre": "TV"
	},
	{
	  "name": "BR",
      "thumb": "https://wp4-images-de-dynamic.horizon.tv/ChannelLogos/02/brf_sued.png",
      "video": "https://brlive-lh.akamaihd.net/i/bfsnord_germany@119898/index_1_av-p.m3u8",
      "genre": "TV"
	},
	{
	  "name": "MDR",
      "thumb": "https://wp23-images-de-dynamic.horizon.tv/ChannelLogos/02/mdr_sachsen.png",
      "video": "http://mdrsnhls-lh.akamaihd.net/i/livetvmdrsachsen_de@513998/index_3776_av-b.m3u8",
      "genre": "TV"
	},
	{
	  "name": "NDR",
      "thumb": "https://wp12-images-de-dynamic.horizon.tv/ChannelLogos/02/ndr_fernsehen_hh.png",
      "video": "https://ndrfs-lh.akamaihd.net/i/ndrfs_sh@430234/index_3776_av-p.m3u8",
      "genre": "TV"
	},
	{
	  "name": "RBB",
      "thumb": "https://wp1-images-de-dynamic.horizon.tv/ChannelLogos/02/rbb_brandenburg.png",
      "video": "https://rbblive-lh.akamaihd.net/i/rbb_berlin@144674/index_5_av-p.m3u8",
      "genre": "TV"
	},
	{
	  "name": "SWR",
      "thumb": "https://wp3-images-de-dynamic.horizon.tv/ChannelLogos/02/swr_fs_bw.png",
      "video": "http://fs.live.sr.de/i/sr_universal02@107595/index_1662_av-b.m3u8",
      "genre": "TV"
	},
	{
	  "name": "ZDF INFO",
      "thumb": "https://wp10-images-de-dynamic.horizon.tv/ChannelLogos/02/zdf_info.png",
      "video": "https://zdfhls17-i.akamaihd.net/hls/live/744750/de/veryhigh/master.m3u8",
      "genre": "TV"
	},
	{
	  "name": "ARD ALPHA",
      "thumb": "https://wp7-images-de-dynamic.horizon.tv/ChannelLogos/02/br-alpha.png",
      "video": "https://brlive-lh.akamaihd.net/i/bralpha_germany@119899/index_1_av-p.m3u8",
      "genre": "TV"
	},
	{
	  "name": "Nick/MTV+",
      "thumb": "https://wp18-images-de-dynamic.horizon.tv/ChannelLogos/02/nick_mtvplus.png",
      "video": "http://unilivemtveu-lh.akamaihd.net/i/nickde_1@448749/index_3500_av-p.m3u8",
      "genre": "TV"
	},
	{
	  "name": "ZDF NEO",
      "thumb": "https://wp25-images-de-dynamic.horizon.tv/ChannelLogos/02/zdf_neo_v2.png",
      "video": "https://zdf-hls-02.akamaized.net/hls/live/2002461/de/veryhigh/master.m3u8",
      "genre": "TV"
	},
	{
	  "name": "SAT 1 GOLD",
      "thumb": "https://wp7-images-de-dynamic.horizon.tv/ChannelLogos/02/sat1_gold_1.png",
      "video": "plugin://plugin.video.joyn/?video_id=sat1gold-de&stream_type=LIVE&mode=play_video&mode=12",
      "genre": "TV"
	},
	{
	  "name": "ONE",
      "thumb": "https://wp7-images-de-dynamic.horizon.tv/ChannelLogos/02/one_sd_1.png",
      "video": "https://onelivestream-lh.akamaihd.net/i/one_livestream@568814/index_5_av-p.m3u8",
      "genre": "TV"
	},
	{
	  "name": "SAT 1 GOLD",
      "thumb": "https://wp7-images-de-dynamic.horizon.tv/ChannelLogos/02/sat1_gold_1.png",
      "video": "plugin://plugin.video.joyn/?video_id=sat1gold-de&stream_type=LIVE&mode=play_video&mode=12",
      "genre": "TV"
	},
	{
	  "name": "BOOMERANG",
      "thumb": "https://wp10-images-de-dynamic.horizon.tv/ChannelLogos/02/boomerang_1.png",
      "video": "plugin://script.module.limitless-tvtap/play/381/play.pvr",
      "genre": "TV"
	},
	{
	  "name": "SYLT 1",
      "thumb": "https://encrypted-tbn0.gstatic.com/images?q=tbn:ANd9GcQ8bawuwLuAFrUyD-R27cYha2S6d7Z4SdDBij5DN-z6hgpls3xg4qR0gSbGGPc&s",
      "video": "http://62.67.13.54:1935/sylt1/sylt1_high.stream/chunklist.m3u8",
      "genre": "TV"
	},
	{
	  "name": "ORF 1",
      "thumb": "https://bit.ly/2HnsGPE",
      "video": "plugin://script.module.limitless-tvtap/play/391/play.pvr",
      "genre": "TV"
	},
	{
	  "name": "ORF 2",
      "thumb": "https://bit.ly/2UPMcfB",
      "video": "plugin://script.module.limitless-tvtap/play/390/play.pvr",
      "genre": "TV"
	},
	{
	  "name": "CARTOON NETWORK",
      "thumb": "https://encrypted-tbn0.gstatic.com/images?q=tbn:ANd9GcTdZVWe2_vg_w4rAWNXZl6ZqJNx_ZlrhVWKicUtB8msin7gklqKuDfLGRKW3g&s",
      "video": "plugin://script.module.limitless-tvtap/play/651/play.pvr",
      "genre": "TV"
	},
	{
	  "name": "PRO7 MAXX",
      "thumb": "https://encrypted-tbn0.gstatic.com/images?q=tbn:ANd9GcSajf53uvWgbY6Xgx3z2yl-U_E6S8L6FTsf1MbWelvFV5hvogqG-ruG3s4q9DY&s",
      "video": "plugin://script.module.limitless-swiftstreamz/play/26/1332/play.pvr",
      "genre": "TV"
	}
  ],
  "2. PAY": [
    {
	  "name": "[COLOR lime]                  ----------             Pay-TV             ----------[/COLOR]",
      "thumb": "https://bit.ly/2oSsDWl",
      "video": "ext",
      "genre": "SKY"
    },
    {
	  "name": "SKY CINEMA",
      "thumb": "https://bit.ly/2HFRj8x",
      "video": "plugin://script.module.limitless-swiftstreamz/play/26/1296/play.pvr",
      "genre": "SKY"
    },
    {
	  "name": "SKY CINEMA 1",
      "thumb": "https://bit.ly/2I9y8aG",
      "video": "plugin://script.module.limitless-swiftstreamz/play/26/1297/play.pvr",
      "genre": "SKY"
	},
    {
	  "name": "SKY CINEMA 24",
      "thumb": "https://bit.ly/2raRe6B",
      "video": "plugin://script.module.limitless-swiftstreamz/play/26/1298/play.pvr",
      "genre": "SKY"
	},
    {
	  "name": "SKY ACTION",
      "thumb": "https://bit.ly/2rbUBJJ",
      "video": "plugin://script.module.limitless-swiftstreamz/play/26/1299/play.pvr",
      "genre": "SKY"
	},
    {
	  "name": "SKY ATLATIC",
      "thumb": "https://bit.ly/2FtzyHZ",
      "video": "plugin://script.module.limitless-swiftstreamz/play/26/1300/play.pvr",
      "genre": "SKY"
	},
    {
	  "name": "SKY COMEDY",
      "thumb": "https://bit.ly/2HDK1Gr",
      "video": "plugin://script.module.limitless-swiftstreamz/play/26/1301/play.pvr",
      "genre": "SKY"
	},
    {
	  "name": "SKY HITS",
      "thumb": "https://bit.ly/2jjUjx8",
      "video": "plugin://script.module.limitless-swiftstreamz/play/26/1313/play.pvr",
      "genre": "SKY"
	},
    {
	  "name": "TNT FILM",
      "thumb": "https://bit.ly/2jjJACz",
      "video": "plugin://script.module.limitless-swiftstreamz/play/26/1330/play.pvr",
      "genre": "SKY"
	},
    {
	  "name": "TNT SERIES",
      "thumb": "https://bit.ly/2vXmDhT",
      "video": "plugin://script.module.limitless-swiftstreamz/play/26/1331/play.pvr",
      "genre": "SKY"
	},
    {
	  "name": "SKY 1",
      "thumb": "https://wp24-images-de-dynamic.horizon.tv/ChannelLogos/02/sky_one_hd.png",
      "video": "plugin://script.module.limitless-tvtap/play/597/play.pvr",
      "genre": "SKY"
	},
    {
	  "name": "TNT COMEDY",
      "thumb": "https://wp1-images-de-dynamic.horizon.tv/ChannelLogos/02/tnt_comedy.png",
      "video": "plugin://script.module.limitless-tvtap/play/654/play.pvr",
      "genre": "SKY"
	},
    {
	  "name": "FOX",
      "thumb": "https://wp22-images-de-dynamic.horizon.tv/ChannelLogos/02/fox_2.png",
      "video": "plugin://script.module.limitless-tvtap/play/653/play.pvr",
      "genre": "SKY"
	},
    {
	  "name": "AXN DE",
      "thumb": "https://bit.ly/2I74zXD",
      "video": "plugin://script.module.limitless-swiftstreamz/play/26/1295/play.pvr",
      "genre": "SKY"
	}
  ],
  "3. SELECT": [
	{
	  "name": "[COLOR lime]                  ----------             Select             ----------[/COLOR]",
      "thumb": "https://bit.ly/2oSsDWl",
      "video": "ext",
      "genre": "SELECT"
	},
    {
	  "name": "SKY SELECT 1",
      "thumb": "http://static.iptv-epg.com/de/SkySelect1.de.png",
      "video": "plugin://script.module.limitless-swiftstreamz/play/26/1314/play.pvr",
      "genre": "SELECT"
	},
    {
	  "name": "SKY SELECT 2",
      "thumb": "http://static.iptv-epg.com/de/SkySelect2.de.png",
      "video": "plugin://script.module.limitless-swiftstreamz/play/26/1315/play.pvr",
      "genre": "SELECT"
	},
    {
	  "name": "SKY SELECT 3",
      "thumb": "http://static.iptv-epg.com/de/SkySelect3.de.png",
      "video": "plugin://script.module.limitless-swiftstreamz/play/26/1316/play.pvr",
      "genre": "SELECT"
	},
    {
	  "name": "SKY SELECT 4",
      "thumb": "http://static.iptv-epg.com/de/SkySelect4.de.png",
      "video": "plugin://script.module.limitless-swiftstreamz/play/26/1317/play.pvr",
      "genre": "SELECT"
	},
    {
	  "name": "SKY SELECT 5",
      "thumb": "http://static.iptv-epg.com/de/SkySelect5.de.png",
      "video": "plugin://script.module.limitless-swiftstreamz/play/26/1318/play.pvr",
      "genre": "SELECT"
	}
  ],
  "4. DOKU": [
	{
	  "name": "[COLOR lime]                  ----------             DOKU             ----------[/COLOR]",
      "thumb": "https://bit.ly/2oSsDWl",
      "video": "ext",
      "genre": "DOKU"
	},
	{
	  "name": "NTV",
      "thumb": "https://bit.ly/2OVs3Ph",
      "video": "plugin://script.module.limitless-swiftstreamz/play/26/1308/play.pvr",
      "genre": "DOKU"
	},
	{
	  "name": "N24",
      "thumb": "https://bit.ly/2Qet4Cw",
      "video": "plugin://script.module.limitless-swiftstreamz/play/26/1309/play.pvr",
      "genre": "DOKU"
	},
    {
	  "name": "DISCOVERY",
      "thumb": "https://bit.ly/2HIan6j",
      "video": "plugin://script.module.limitless-swiftstreamz/play/26/1310/play.pvr",
      "genre": "DOKU"
	},
    {
	  "name": "HISTORY DE",
      "thumb": "https://bit.ly/2FygMze",
      "video": "plugin://script.module.limitless-swiftstreamz/play/26/1311/play.pvr",
      "genre": "DOKU"
	},
    {
	  "name": "NAT GEO WILD",
      "thumb": "https://bit.ly/2jjTyUJ",
      "video": "plugin://script.module.limitless-swiftstreamz/play/26/1312/play.pvr",
      "genre": "DOKU"
	},
    {
	  "name": "ANIMAL PLANET DE",
      "thumb": "https://bit.ly/2HF93oU",
      "video": "plugin://script.module.limitless-swiftstreamz/play/26/1333/play.pvr",
      "genre": "DOKU"
	},
    {
	  "name": "NAT GEO DE",
      "thumb": "https://bit.ly/2jjALZO",
      "video": "plugin://script.module.limitless-swiftstreamz/play/26/1334/play.pvr",
      "genre": "DOKU"
	},
    {
	  "name": "NAT GEO PEOPLE DE",
      "thumb": "https://bit.ly/2IZKVhV",
      "video": "plugin://script.module.limitless-swiftstreamz/play/26/1335/play.pvr",
      "genre": "DOKU"
	},
	{
	  "name": "YESTARDAY",
      "thumb": "https://bit.ly/2IZKVhV",
      "video": "plugin://script.module.limitless-swiftstreamz/play/4/333/play.pvr",
      "genre": "DOKU"
	},
	{
	  "name": "DMAX",
      "thumb": "https://wp18-images-de-dynamic.horizon.tv/ChannelLogos/02/dmax.png",
      "video": "plugin://script.module.limitless-swiftstreamz/play/4/341/play.pvr",
      "genre": "DOKU"
	},
	{
	  "name": "TAGESSCHAU 24",
      "thumb": "https://wp25-images-de-dynamic.horizon.tv/ChannelLogos/02/Tagesschau_24_1.png",
      "video": "https://tagesschau-lh.akamaihd.net/i/tagesschau_1@119231/index_3776_av-p.m3u8",
      "genre": "DOKU"
	},
	{
	  "name": "WELT",
      "thumb": "https://wp22-images-de-dynamic.horizon.tv/ChannelLogos/02/welt.png",
      "video": "http://live2weltcms-lh.akamaihd.net/i/Live2WeltCMS_1@444563/index_1_av-b.m3u8",
      "genre": "DOKU"
	},
	{
	  "name": "PHOENIX",
      "thumb": "https://wp14-images-de-dynamic.horizon.tv/ChannelLogos/02/phoenix_das_ganze_bild.png",
      "video": "https://zdfhls19-i.akamaihd.net/hls/live/744752/de/4/4.m3u8",
      "genre": "DOKU"
	},
	{
	  "name": "SPIEGEL GESCHICHTE",
      "thumb": "https://wp5-images-de-dynamic.horizon.tv/ChannelLogos/02/spiegel_geschichte_1.png",
      "video": "plugin://script.module.limitless-swiftstreamz/play/26/1335/play.pvr",
      "genre": "DOKU"
	},
	{
	  "name": "N24 DOKU",
      "thumb": "https://wp6-images-de-dynamic.horizon.tv/ChannelLogos/02/n24_doku_2.png",
      "video": "plugin://script.module.limitless-swiftstreamz/play/4/333/play.pvr",
      "genre": "DOKU"
	},
	{
	  "name": "DIY NETWORK",
      "thumb": "https://bit.ly/2VwxHdS",
      "video": "plugin://script.module.limitless-swiftstreamz/play/17/1055/play.pvr",
      "genre": "DOKU"
	}
  ],
  "5. SPORTS": [
	{
	  "name": "[COLOR lime]                  ----------             Sports             ----------[/COLOR]",
      "thumb": "https://bit.ly/2oSsDWl",
      "video": "ext",
      "genre": "SPORT"
	},
	{
	  "name": "SKY SPORTS 1 DE",
      "thumb": "https://bit.ly/2rgO4Of",
      "video": "plugin://script.module.limitless-swiftstreamz/play/26/1319/play.pvr",
      "genre": "SPORT"
	},
    {
	  "name": "SKY SPORTS 2 DE",
      "thumb": "https://bit.ly/2HKYlJy",
      "video": "plugin://script.module.limitless-swiftstreamz/play/26/1320/play.pvr",
      "genre": "SPORT"
	},
    {
	  "name": "SKY SPORTS 3 DE",
      "thumb": "https://bit.ly/2HGc20g",
      "video": "plugin://script.module.limitless-swiftstreamz/play/26/1321/play.pvr",
      "genre": "SPORT"
	},
    {
	  "name": "SKY SPORTS 4 DE",
      "thumb": "https://bit.ly/2rb6iR6",
      "video": "plugin://script.module.limitless-swiftstreamz/play/26/1322/play.pvr",
      "genre": "SPORT"
	},
    {
	  "name": "SKY SPORTS 5 DE",
      "thumb": "https://bit.ly/2rcUhKK",
      "video": "plugin://script.module.limitless-swiftstreamz/play/26/1323/play.pvr",
      "genre": "SPORT"
	},
    {
	  "name": "SKY SPORTS 6 DE",
      "thumb": "https://bit.ly/2ErWFr9",
      "video": "plugin://script.module.limitless-swiftstreamz/play/26/1324/play.pvr",
      "genre": "SPORT"
	},
    {
	  "name": "SKY SPORTS AUSTRIA DE",
      "thumb": "https://bit.ly/2xQUkPT",
      "video": "plugin://script.module.limitless-swiftstreamz/play/26/1325/play.pvr",
      "genre": "SPORT"
	},
    {
	  "name": "SKY SP BUNDESLIGA 1",
      "thumb": "https://bit.ly/2Fuj8z3",
      "video": "plugin://script.module.limitless-swiftstreamz/play/26/1326/play.pvr",
      "genre": "SPORT"
	},
    {
	  "name": "SPORT 1",
      "thumb": "https://wp1-images-de-dynamic.horizon.tv/ChannelLogos/02/sport1_1.png",
      "video": "plugin://script.module.limitless-tvtap/play/405/play.pvr",
      "genre": "SPORT"
	},
    {
	  "name": "EUROSPORT 1",
      "thumb": "https://wp14-images-de-dynamic.horizon.tv/ChannelLogos/02/eurosport_1.png",
      "video": "plugin://script.module.limitless-tvtap/play/385/play.pvr",
      "genre": "SPORT"
	},
    {
	  "name": "SKY SPORT NEWS",
      "thumb": "https://wp18-images-de-dynamic.horizon.tv/ChannelLogos/02/sky_sport_news_v2.png",
      "video": "https://eventhlshttps-i.akamaihd.net/hls/live/263645/ssn-hd-https/indexvideo-3400.m3u8",
      "genre": "SPORT"
	},
    {
	  "name": "DAZN",
      "thumb": "https://bit.ly/31Tewiv",
      "video": "plugin://script.module.limitless-tvtap/play/777/play.pvr",
      "genre": "SPORT"
	},
    {
	  "name": "DAZN 2",
      "thumb": "https://bit.ly/31Tewiv",
      "video": "plugin://script.module.limitless-tvtap/play/778/play.pvr",
      "genre": "SPORT"
	},
    {
	  "name": "SKY SP BUNDESLIGA 2",
      "thumb": "https://bit.ly/2I3oWEQ",
      "video": "plugin://script.module.limitless-swiftstreamz/play/26/1327/play.pvr",
      "genre": "SPORT"
	}
  ],
  "6. SPORTS 2": [
	{
	  "name": "[COLOR lime]                  ----------             Sports 2            ----------[/COLOR]",
      "thumb": "https://bit.ly/2oSsDWl",
      "video": "ext",
      "genre": "SPORT"
	},
	{
	  "name": "BOX NATION",
      "thumb": "https://bit.ly/2NAwn6I",
      "video": "plugin://script.module.limitless-swiftstreamz/play/8/711/play.pvr",
      "genre": "SPORT"
	},
	{
	  "name": "FIGHTBOX",
      "thumb": "https://bit.ly/2NAwn6I",
      "video": "plugin://script.module.limitless-swiftstreamz/play/8/804/play.pvr",
      "genre": "SPORT"
	},
	{
	  "name": "UFC FIGHT",
      "thumb": "https://bit.ly/2NAwn6I",
      "video": "plugin://script.module.limitless-swiftstreamz/play/8/833/play.pvr",
      "genre": "SPORT"
	},
	{
	  "name": "KOMBAT SPORTS",
      "thumb": "https://bit.ly/2NAwn6I",
      "video": "plugin://script.module.limitless-swiftstreamz/play/25/1260/play.pvr",
      "genre": "SPORT"
	},
	{
	  "name": "WWE NETWORK",
      "thumb": "https://bit.ly/2NAwn6I",
      "video": "plugin://script.module.limitless-swiftstreamz/play/8/715/play.pvr",
      "genre": "SPORT"
	},
	{
	  "name": "NFL NETWORK",
      "thumb": "https://bit.ly/2NAwn6I",
      "video": "plugin://script.module.limitless-swiftstreamz/play/8/769/play.pvr",
      "genre": "SPORT"
	},
	{
	  "name": "NBA TV",
      "thumb": "https://bit.ly/2NAwn6I",
      "video": "plugin://script.module.limitless-swiftstreamz/play/8/767/play.pvr",
      "genre": "SPORT"
	},
	{
	  "name": "TOROS TV",
      "thumb": "https://bit.ly/2NAwn6I",
      "video": "plugin://script.module.limitless-swiftstreamz/play/32/1501/play.pvr",
      "genre": "SPORT"
	},
    {
	  "name": "MILAN TV",
      "thumb": "https://bit.ly/2NAwn6I",
      "video": "plugin://script.module.limitless-swiftstreamz/play/27/1366/play.pvr",
      "genre": "SPORT"
	},
    {
	  "name": "ZIGGO GOLF",
      "thumb": "https://bit.ly/2NAwn6I",
      "video": "plugin://script.module.limitless-swiftstreamz/play/29/1392/play.pvr",
      "genre": "SPORT"
	},
    {
	  "name": "ZIGGO RACING",
      "thumb": "https://bit.ly/2NAwn6I",
      "video": "plugin://script.module.limitless-swiftstreamz/play/29/1393/play.pvr",
      "genre": "SPORT"
	},
    {
	  "name": "ZIGGO VOETBAL",
      "thumb": "https://bit.ly/2NAwn6I",
      "video": "plugin://script.module.limitless-swiftstreamz/play/29/1394/play.pvr",
      "genre": "SPORT"
	},
    {
	  "name": "TENNIS CHANNEL",
      "thumb": "https://bit.ly/2NAwn6I",
      "video": "plugin://script.module.limitless-swiftstreamz/play/5/241/play.pvr",
      "genre": "SPORT"
	},
	{
	  "name": "IFC",
      "thumb": "https://bit.ly/2NAwn6I",
      "video": "plugin://script.module.limitless-swiftstreamz/play/5/251/play.pvr",
      "genre": "SPORT"
	},
	{
	  "name": "BEIN SPORTS ES",
      "thumb": "https://bit.ly/2NAwn6I",
      "video": "plugin://script.module.limitless-swiftstreamz/play/32/1483/play.pvr",
      "genre": "SPORT"
	},
	{
	  "name": "BEIN LALIGA",
      "thumb": "https://bit.ly/2NAwn6I",
      "video": "plugin://script.module.limitless-swiftstreamz/play/32/1485/play.pvr",
      "genre": "SPORT"
	},
	{
	  "name": "M MOTOTGP",
      "thumb": "https://bit.ly/2NAwn6I",
      "video": "plugin://script.module.limitless-swiftstreamz/play/32/1491/play.pvr",
      "genre": "SPORT"
	},
	{
	  "name": "M FORMULA 1",
      "thumb": "https://bit.ly/2NAwn6I",
      "video": "plugin://script.module.limitless-swiftstreamz/play/32/1493/play.pvr",
      "genre": "SPORT"
	},
	{
	  "name": "M FOTBOL",
      "thumb": "https://bit.ly/2NAwn6I",
      "video": "plugin://script.module.limitless-swiftstreamz/play/32/1494/play.pvr",
      "genre": "SPORT"
	},
	{
	  "name": "M GOLF",
      "thumb": "https://bit.ly/2NAwn6I",
      "video": "plugin://script.module.limitless-swiftstreamz/play/32/1502/play.pvr",
      "genre": "SPORT"
	},
	{
	  "name": "LIGA 123",
      "thumb": "https://bit.ly/2NAwn6I",
      "video": "plugin://script.module.limitless-swiftstreamz/play/32/1503/play.pvr",
      "genre": "SPORT"
	},
	{
	  "name": "LIGA DE CAMPEONES",
      "thumb": "https://bit.ly/2NAwn6I",
      "video": "plugin://script.module.limitless-swiftstreamz/play/32/1505/play.pvr",
      "genre": "SPORT"
	},
	{
	  "name": "PTV SPORTS",
      "thumb": "https://bit.ly/2NAwn6I",
      "video": "plugin://script.module.limitless-swiftstreamz/play/8/454/play.pvr",
      "genre": "SPORT"
	},
	{
	  "name": "LIGA DE CAMPEONES",
      "thumb": "https://bit.ly/2NAwn6I",
      "video": "plugin://script.module.limitless-swiftstreamz/play/32/1505/play.pvr",
      "genre": "SPORT"
	},
	{
	  "name": "ESPN",
      "thumb": "https://bit.ly/2NAwn6I",
      "video": "plugin://script.module.limitless-swiftstreamz/play/8/647/play.pvr",
      "genre": "SPORT"
	},
	{
	  "name": "REAL MADRID",
      "thumb": "https://bit.ly/2NAwn6I",
      "video": "plugin://script.module.limitless-swiftstreamz/play/8/718/play.pvr",
      "genre": "SPORT"
	},
	{
	  "name": "Arena Sports 1",
      "thumb": "https://bit.ly/2NAwn6I",
      "video": "plugin://script.module.limitless-swiftstreamz/play/8/736/play.pvr",
      "genre": "SPORT"
	},
	{
	  "name": "Arena Sports 2",
      "thumb": "https://bit.ly/2NAwn6I",
      "video": "plugin://script.module.limitless-swiftstreamz/play/8/737/play.pvr",
      "genre": "SPORT"
	},
	{
	  "name": "Arena Sports 3",
      "thumb": "https://bit.ly/2NAwn6I",
      "video": "plugin://script.module.limitless-swiftstreamz/play/8/738/play.pvr",
      "genre": "SPORT"
	},
	{
	  "name": "Arena Sports 4",
      "thumb": "https://bit.ly/2NAwn6I",
      "video": "plugin://script.module.limitless-swiftstreamz/play/8/739/play.pvr",
      "genre": "SPORT"
	},
	{
	  "name": "Arena Sports 5",
      "thumb": "https://bit.ly/2NAwn6I",
      "video": "plugin://script.module.limitless-swiftstreamz/play/8/740/play.pvr",
      "genre": "SPORT"
	},
	{
	  "name": "FREE SPORTS",
      "thumb": "https://bit.ly/2NAwn6I",
      "video": "plugin://script.module.limitless-swiftstreamz/play/8/809/play.pvr",
      "genre": "SPORT"
	}
  ]
}
